pass,total cost
0,1046.83
1,888.127
2,790.74
3,721.171
4,666.574
5,621.195
6,582.045
7,547.395
8,516.166
9,487.655
10,461.384
11,437.018
12,414.312
13,393.083
14,373.186
15,354.505
16,336.942
17,320.414
18,304.848
19,290.179
20,276.348
21,263.302
22,250.993
23,239.375
24,228.407
25,218.05
26,208.268
27,199.028
28,190.297
29,182.046
30,174.249
31,166.878
32,159.91
33,153.322
34,147.093
35,141.201
36,135.629
37,130.358
38,125.371
39,120.653
40,116.189
41,111.965
42,107.967
43,104.183
44,100.601
45,97.2104
46,94.0001
47,90.9603
48,88.0818
49,85.3557
50,82.7738
51,80.328
52,78.0111
53,75.816
54,73.7361
55,71.7651
56,69.8972
57,68.1267
58,66.4483
59,64.8572
60,63.3485
61,61.9178
62,60.561
63,59.274
64,58.0531
65,56.8947
66,55.7956
67,54.7524
68,53.7623
69,52.8223
70,51.9298
71,51.0823
72,50.2773
73,49.5126
74,48.7861
75,48.0957
76,47.4395
77,46.8157
78,46.2225
79,45.6584
80,45.1218
81,44.6113
82,44.1255
83,43.663
84,43.2228
85,42.8035
86,42.4041
87,42.0235
88,41.6609
89,41.3151
90,40.9854
91,40.671
92,40.371
93,40.0846
94,39.8112
95,39.5501
96,39.3007
97,39.0624
98,38.8346
99,38.6167
100,38.4082
101,38.2088
102,38.0178
103,37.835
104,37.6598
105,37.4919
106,37.3309
107,37.1765
108,37.0283
109,36.886
110,36.7494
111,36.6181
112,36.4919
113,36.3706
114,36.2538
115,36.1415
116,36.0332
117,35.929
118,35.8285
119,35.7316
120,35.638
121,35.5478
122,35.4606
123,35.3764
124,35.295
125,35.2162
126,35.14
127,35.0662
128,34.9948
129,34.9255
130,34.8583
131,34.7932
132,34.73
133,34.6686
134,34.609
135,34.551
136,34.4947
137,34.4398
138,34.3864
139,34.3345
140,34.2838
141,34.2345
142,34.1863
143,34.1394
144,34.0935
145,34.0488
146,34.0051
147,33.9623
148,33.9206
149,33.8797
150,33.8397
151,33.8006
152,33.7622
153,33.7247
154,33.6878
155,33.6517
156,33.6163
157,33.5816
158,33.5475
159,33.5141
160,33.4812
161,33.4489
162,33.4171
163,33.3859
164,33.3553
165,33.3251
166,33.2954
167,33.2661
168,33.2373
169,33.209
170,33.1811
171,33.1536
172,33.1264
173,33.0997
174,33.0734
175,33.0474
176,33.0217
177,32.9964
178,32.9715
179,32.9468
180,32.9225
181,32.8985
182,32.8747
183,32.8513
184,32.8281
185,32.8053
186,32.7826
187,32.7603
188,32.7382
189,32.7163
190,32.6947
191,32.6733
192,32.6522
193,32.6312
194,32.6105
195,32.59
196,32.5698
197,32.5497
198,32.5298
199,32.5101
200,32.4907
201,32.4714
202,32.4523
203,32.4333
204,32.4146
205,32.396
206,32.3776
207,32.3594
208,32.3413
209,32.3234
210,32.3056
211,32.288
212,32.2706
213,32.2533
214,32.2361
215,32.2191
216,32.2023
217,32.1855
218,32.169
219,32.1525
220,32.1362
221,32.12
222,32.104
223,32.088
224,32.0722
225,32.0566
226,32.041
227,32.0256
228,32.0102
229,31.995
230,31.98
231,31.965
232,31.9501
233,31.9354
234,31.9207
235,31.9062
236,31.8918
237,31.8774
238,31.8632
239,31.8491
240,31.835
241,31.8211
242,31.8073
243,31.7936
244,31.7799
245,31.7664
246,31.7529
247,31.7396
248,31.7263
249,31.7131
250,31.7
251,31.687
252,31.6741
253,31.6613
254,31.6485
255,31.6359
256,31.6233
257,31.6108
258,31.5983
259,31.586
260,31.5737
261,31.5615
262,31.5494
263,31.5374
264,31.5254
265,31.5135
266,31.5017
267,31.49
268,31.4783
269,31.4667
270,31.4552
271,31.4437
272,31.4324
273,31.421
274,31.4098
275,31.3986
276,31.3875
277,31.3764
278,31.3654
279,31.3545
280,31.3436
281,31.3328
282,31.3221
283,31.3114
284,31.3008
285,31.2903
286,31.2798
287,31.2693
288,31.259
289,31.2486
290,31.2384
291,31.2282
292,31.218
293,31.2079
294,31.1979
295,31.1879
296,31.178
297,31.1681
298,31.1583
299,31.1486
300,31.1388
301,31.1292
302,31.1196
303,31.11
304,31.1005
305,31.0911
306,31.0816
307,31.0723
308,31.063
309,31.0537
310,31.0445
311,31.0353
312,31.0262
313,31.0172
314,31.0081
315,30.9992
316,30.9902
317,30.9813
318,30.9725
319,30.9637
320,30.9549
321,30.9462
322,30.9376
323,30.9289
324,30.9204
325,30.9118
326,30.9033
327,30.8949
328,30.8865
329,30.8781
330,30.8698
331,30.8615
332,30.8532
333,30.845
334,30.8368
335,30.8287
336,30.8206
337,30.8126
338,30.8045
339,30.7966
340,30.7886
341,30.7807
342,30.7728
343,30.765
344,30.7572
345,30.7495
346,30.7417
347,30.7341
348,30.7264
349,30.7188
350,30.7112
351,30.7037
352,30.6961
353,30.6887
354,30.6812
355,30.6738
356,30.6664
357,30.6591
358,30.6518
359,30.6445
360,30.6373
361,30.63
362,30.6229
363,30.6157
364,30.6086
365,30.6015
366,30.5944
367,30.5874
368,30.5804
369,30.5735
370,30.5665
371,30.5596
372,30.5527
373,30.5459
374,30.5391
375,30.5323
376,30.5255
377,30.5188
378,30.5121
379,30.5054
380,30.4988
381,30.4922
382,30.4856
383,30.479
384,30.4725
385,30.466
386,30.4595
387,30.453
388,30.4466
389,30.4402
390,30.4338
391,30.4275
392,30.4212
393,30.4149
394,30.4086
395,30.4023
396,30.3961
397,30.3899
398,30.3838
399,30.3776
400,30.3715
401,30.3654
402,30.3593
403,30.3533
404,30.3472
405,30.3412
406,30.3353
407,30.3293
408,30.3234
409,30.3175
410,30.3116
411,30.3057
412,30.2999
413,30.2941
414,30.2883
415,30.2825
416,30.2768
417,30.2711
418,30.2653
419,30.2597
420,30.254
421,30.2484
422,30.2428
423,30.2372
424,30.2316
425,30.226
426,30.2205
427,30.215
428,30.2095
429,30.204
430,30.1986
431,30.1931
432,30.1877
433,30.1823
434,30.177
435,30.1716
436,30.1663
437,30.161
438,30.1557
439,30.1504
440,30.1452
441,30.1399
442,30.1347
443,30.1295
444,30.1243
445,30.1192
446,30.114
447,30.1089
448,30.1038
449,30.0987
450,30.0937
451,30.0886
452,30.0836
453,30.0786
454,30.0736
455,30.0686
456,30.0637
457,30.0587
458,30.0538
459,30.0489
460,30.044
461,30.0391
462,30.0343
463,30.0294
464,30.0246
465,30.0198
466,30.015
467,30.0102
468,30.0055
469,30.0007
470,29.996
471,29.9913
472,29.9866
473,29.982
474,29.9773
475,29.9727
476,29.968
477,29.9634
478,29.9588
479,29.9542
480,29.9497
481,29.9451
482,29.9406
483,29.9361
484,29.9316
485,29.9271
486,29.9226
487,29.9181
488,29.9137
489,29.9093
490,29.9049
491,29.9005
492,29.8961
493,29.8917
494,29.8873
495,29.883
496,29.8787
497,29.8744
498,29.8701
499,29.8658
500,29.8615
501,29.8572
502,29.853
503,29.8488
504,29.8445
505,29.8403
506,29.8361
507,29.832
508,29.8278
509,29.8236
510,29.8195
511,29.8154
512,29.8113
513,29.8072
514,29.8031
515,29.799
516,29.7949
517,29.7909
518,29.7869
519,29.7828
520,29.7788
521,29.7748
522,29.7709
523,29.7669
524,29.7629
525,29.759
526,29.755
527,29.7511
528,29.7472
529,29.7433
530,29.7394
531,29.7355
532,29.7317
533,29.7278
534,29.724
535,29.7202
536,29.7163
537,29.7125
538,29.7087
539,29.705
540,29.7012
541,29.6974
542,29.6937
543,29.6899
544,29.6862
545,29.6825
546,29.6788
547,29.6751
548,29.6714
549,29.6677
550,29.6641
551,29.6604
552,29.6568
553,29.6532
554,29.6495
555,29.6459
556,29.6423
557,29.6388
558,29.6352
559,29.6316
560,29.6281
561,29.6245
562,29.621
563,29.6175
564,29.6139
565,29.6104
566,29.607
567,29.6035
568,29.6
569,29.5965
570,29.5931
571,29.5896
572,29.5862
573,29.5828
574,29.5794
575,29.576
576,29.5726
577,29.5692
578,29.5658
579,29.5624
580,29.5591
581,29.5557
582,29.5524
583,29.5491
584,29.5457
585,29.5424
586,29.5391
587,29.5358
588,29.5326
589,29.5293
590,29.526
591,29.5228
592,29.5195
593,29.5163
594,29.5131
595,29.5098
596,29.5066
597,29.5034
598,29.5002
599,29.4971
600,29.4939
601,29.4907
602,29.4875
603,29.4844
604,29.4813
605,29.4781
606,29.475
607,29.4719
608,29.4688
609,29.4657
610,29.4626
611,29.4595
612,29.4564
613,29.4534
614,29.4503
615,29.4473
616,29.4442
617,29.4412
618,29.4382
619,29.4351
620,29.4321
621,29.4291
622,29.4261
623,29.4231
624,29.4202
625,29.4172
626,29.4142
627,29.4113
628,29.4083
629,29.4054
630,29.4025
631,29.3995
632,29.3966
633,29.3937
634,29.3908
635,29.3879
636,29.385
637,29.3822
638,29.3793
639,29.3764
640,29.3736
641,29.3707
642,29.3679
643,29.365
644,29.3622
645,29.3594
646,29.3566
647,29.3538
648,29.351
649,29.3482
650,29.3454
651,29.3426
652,29.3398
653,29.3371
654,29.3343
655,29.3316
656,29.3288
657,29.3261
658,29.3234
659,29.3206
660,29.3179
661,29.3152
662,29.3125
663,29.3098
664,29.3071
665,29.3045
666,29.3018
667,29.2991
668,29.2964
669,29.2938
670,29.2911
671,29.2885
672,29.2859
673,29.2832
674,29.2806
675,29.278
676,29.2754
677,29.2728
678,29.2702
679,29.2676
680,29.265
681,29.2624
682,29.2598
683,29.2573
684,29.2547
685,29.2522
686,29.2496
687,29.2471
688,29.2445
689,29.242
690,29.2395
691,29.237
692,29.2344
693,29.2319
694,29.2294
695,29.2269
696,29.2245
697,29.222
698,29.2195
699,29.217
700,29.2146
701,29.2121
702,29.2097
703,29.2072
704,29.2048
705,29.2023
706,29.1999
707,29.1975
708,29.1951
709,29.1926
710,29.1902
711,29.1878
712,29.1854
713,29.183
714,29.1807
715,29.1783
716,29.1759
717,29.1735
718,29.1712
719,29.1688
720,29.1665
721,29.1641
722,29.1618
723,29.1594
724,29.1571
725,29.1548
726,29.1525
727,29.1501
728,29.1478
729,29.1455
730,29.1432
731,29.1409
732,29.1386
733,29.1364
734,29.1341
735,29.1318
736,29.1295
737,29.1273
738,29.125
739,29.1228
740,29.1205
741,29.1183
742,29.116
743,29.1138
744,29.1116
745,29.1093
746,29.1071
747,29.1049
748,29.1027
749,29.1005
750,29.0983
751,29.0961
752,29.0939
753,29.0917
754,29.0895
755,29.0874
756,29.0852
757,29.083
758,29.0809
759,29.0787
760,29.0766
761,29.0744
762,29.0723
763,29.0701
764,29.068
765,29.0659
766,29.0637
767,29.0616
768,29.0595
769,29.0574
770,29.0553
771,29.0532
772,29.0511
773,29.049
774,29.0469
775,29.0448
776,29.0428
777,29.0407
778,29.0386
779,29.0365
780,29.0345
781,29.0324
782,29.0304
783,29.0283
784,29.0263
785,29.0242
786,29.0222
787,29.0202
788,29.0181
789,29.0161
790,29.0141
791,29.0121
792,29.0101
793,29.0081
794,29.0061
795,29.0041
796,29.0021
797,29.0001
798,28.9981
799,28.9961
800,28.9942
801,28.9922
802,28.9902
803,28.9883
804,28.9863
805,28.9843
806,28.9824
807,28.9804
808,28.9785
809,28.9765
810,28.9746
811,28.9727
812,28.9708
813,28.9688
814,28.9669
815,28.965
816,28.9631
817,28.9612
818,28.9593
819,28.9574
820,28.9555
821,28.9536
822,28.9517
823,28.9498
824,28.9479
825,28.946
826,28.9442
827,28.9423
828,28.9404
829,28.9386
830,28.9367
831,28.9348
832,28.933
833,28.9311
834,28.9293
835,28.9275
836,28.9256
837,28.9238
838,28.922
839,28.9201
840,28.9183
841,28.9165
842,28.9147
843,28.9129
844,28.9111
845,28.9092
846,28.9074
847,28.9056
848,28.9039
849,28.9021
850,28.9003
851,28.8985
852,28.8967
853,28.8949
854,28.8932
855,28.8914
856,28.8896
857,28.8879
858,28.8861
859,28.8843
860,28.8826
861,28.8808
862,28.8791
863,28.8774
864,28.8756
865,28.8739
866,28.8721
867,28.8704
868,28.8687
869,28.867
870,28.8652
871,28.8635
872,28.8618
873,28.8601
874,28.8584
875,28.8567
876,28.855
877,28.8533
878,28.8516
879,28.8499
880,28.8482
881,28.8465
882,28.8449
883,28.8432
884,28.8415
885,28.8398
886,28.8382
887,28.8365
888,28.8348
889,28.8332
890,28.8315
891,28.8299
892,28.8282
893,28.8266
894,28.8249
895,28.8233
896,28.8217
897,28.82
898,28.8184
899,28.8168
900,28.8151
901,28.8135
902,28.8119
903,28.8103
904,28.8087
905,28.807
906,28.8054
907,28.8038
908,28.8022
909,28.8006
910,28.799
911,28.7974
912,28.7959
913,28.7943
914,28.7927
915,28.7911
916,28.7895
917,28.7879
918,28.7864
919,28.7848
920,28.7832
921,28.7817
922,28.7801
923,28.7786
924,28.777
925,28.7754
926,28.7739
927,28.7723
928,28.7708
929,28.7693
930,28.7677
931,28.7662
932,28.7646
933,28.7631
934,28.7616
935,28.7601
936,28.7585
937,28.757
938,28.7555
939,28.754
940,28.7525
941,28.751
942,28.7495
943,28.748
944,28.7465
945,28.745
946,28.7435
947,28.742
948,28.7405
949,28.739
950,28.7375
951,28.736
952,28.7345
953,28.7331
954,28.7316
955,28.7301
956,28.7286
957,28.7272
958,28.7257
959,28.7242
960,28.7228
961,28.7213
962,28.7199
963,28.7184
964,28.717
965,28.7155
966,28.7141
967,28.7126
968,28.7112
969,28.7098
970,28.7083
971,28.7069
972,28.7055
973,28.704
974,28.7026
975,28.7012
976,28.6998
977,28.6983
978,28.6969
979,28.6955
980,28.6941
981,28.6927
982,28.6913
983,28.6899
984,28.6885
985,28.6871
986,28.6857
987,28.6843
988,28.6829
989,28.6815
990,28.6801
991,28.6787
992,28.6773
993,28.676
994,28.6746
995,28.6732
996,28.6718
997,28.6705
998,28.6691
999,28.6677
1000,28.6664
1001,28.665
1002,28.6636
1003,28.6623
1004,28.6609
1005,28.6596
1006,28.6582
1007,28.6569
1008,28.6555
1009,28.6542
1010,28.6528
1011,28.6515
1012,28.6502
1013,28.6488
1014,28.6475
1015,28.6462
1016,28.6448
1017,28.6435
1018,28.6422
1019,28.6409
1020,28.6395
1021,28.6382
1022,28.6369
1023,28.6356
1024,28.6343
1025,28.633
1026,28.6317
1027,28.6304
1028,28.6291
1029,28.6278
1030,28.6265
1031,28.6252
1032,28.6239
1033,28.6226
1034,28.6213
1035,28.62
1036,28.6187
1037,28.6174
1038,28.6161
1039,28.6149
1040,28.6136
1041,28.6123
1042,28.611
1043,28.6098
1044,28.6085
1045,28.6072
1046,28.606
1047,28.6047
1048,28.6034
1049,28.6022
1050,28.6009
1051,28.5997
1052,28.5984
1053,28.5972
1054,28.5959
1055,28.5947
1056,28.5934
1057,28.5922
1058,28.5909
1059,28.5897
1060,28.5884
1061,28.5872
1062,28.586
1063,28.5847
1064,28.5835
1065,28.5823
1066,28.5811
1067,28.5798
1068,28.5786
1069,28.5774
1070,28.5762
1071,28.5749
1072,28.5737
1073,28.5725
1074,28.5713
1075,28.5701
1076,28.5689
1077,28.5677
1078,28.5665
1079,28.5653
1080,28.5641
1081,28.5629
1082,28.5617
1083,28.5605
1084,28.5593
1085,28.5581
1086,28.5569
1087,28.5557
1088,28.5545
1089,28.5533
1090,28.5522
1091,28.551
1092,28.5498
1093,28.5486
1094,28.5475
1095,28.5463
1096,28.5451
1097,28.5439
1098,28.5428
1099,28.5416
1100,28.5404
1101,28.5393
1102,28.5381
1103,28.537
1104,28.5358
1105,28.5346
1106,28.5335
1107,28.5323
1108,28.5312
1109,28.53
1110,28.5289
1111,28.5277
1112,28.5266
1113,28.5255
1114,28.5243
1115,28.5232
1116,28.522
1117,28.5209
1118,28.5198
1119,28.5186
1120,28.5175
1121,28.5164
1122,28.5153
1123,28.5141
1124,28.513
1125,28.5119
1126,28.5108
1127,28.5096
1128,28.5085
1129,28.5074
1130,28.5063
1131,28.5052
1132,28.5041
1133,28.503
1134,28.5019
1135,28.5008
1136,28.4997
1137,28.4986
1138,28.4975
1139,28.4964
1140,28.4953
1141,28.4942
1142,28.4931
1143,28.492
1144,28.4909
1145,28.4898
1146,28.4887
1147,28.4876
1148,28.4865
1149,28.4854
1150,28.4844
1151,28.4833
1152,28.4822
1153,28.4811
1154,28.4801
1155,28.479
1156,28.4779
1157,28.4768
1158,28.4758
1159,28.4747
1160,28.4736
1161,28.4726
1162,28.4715
1163,28.4704
1164,28.4694
1165,28.4683
1166,28.4673
1167,28.4662
1168,28.4652
1169,28.4641
1170,28.4631
1171,28.462
1172,28.461
1173,28.4599
1174,28.4589
1175,28.4578
1176,28.4568
1177,28.4557
1178,28.4547
1179,28.4537
1180,28.4526
1181,28.4516
1182,28.4506
1183,28.4495
1184,28.4485
1185,28.4475
1186,28.4464
1187,28.4454
1188,28.4444
1189,28.4434
1190,28.4423
1191,28.4413
1192,28.4403
1193,28.4393
1194,28.4383
1195,28.4372
1196,28.4362
1197,28.4352
1198,28.4342
1199,28.4332
1200,28.4322
1201,28.4312
1202,28.4302
1203,28.4292
1204,28.4282
1205,28.4272
1206,28.4262
1207,28.4252
1208,28.4242
1209,28.4232
1210,28.4222
1211,28.4212
1212,28.4202
1213,28.4192
1214,28.4182
1215,28.4172
1216,28.4162
1217,28.4153
1218,28.4143
1219,28.4133
1220,28.4123
1221,28.4113
1222,28.4104
1223,28.4094
1224,28.4084
1225,28.4074
1226,28.4065
1227,28.4055
1228,28.4045
1229,28.4035
1230,28.4026
1231,28.4016
1232,28.4006
1233,28.3997
1234,28.3987
1235,28.3978
1236,28.3968
1237,28.3958
1238,28.3949
1239,28.3939
1240,28.393
1241,28.392
1242,28.3911
1243,28.3901
1244,28.3892
1245,28.3882
1246,28.3873
1247,28.3863
1248,28.3854
1249,28.3844
1250,28.3835
1251,28.3826
1252,28.3816
1253,28.3807
1254,28.3797
1255,28.3788
1256,28.3779
1257,28.3769
1258,28.376
1259,28.3751
1260,28.3741
1261,28.3732
1262,28.3723
1263,28.3714
1264,28.3704
1265,28.3695
1266,28.3686
1267,28.3677
1268,28.3667
1269,28.3658
1270,28.3649
1271,28.364
1272,28.3631
1273,28.3622
1274,28.3612
1275,28.3603
1276,28.3594
1277,28.3585
1278,28.3576
1279,28.3567
1280,28.3558
1281,28.3549
1282,28.354
1283,28.3531
1284,28.3522
1285,28.3513
1286,28.3504
1287,28.3495
1288,28.3486
1289,28.3477
1290,28.3468
1291,28.3459
1292,28.345
1293,28.3441
1294,28.3432
1295,28.3423
1296,28.3415
1297,28.3406
1298,28.3397
1299,28.3388
1300,28.3379
1301,28.337
1302,28.3362
1303,28.3353
1304,28.3344
1305,28.3335
1306,28.3326
1307,28.3318
1308,28.3309
1309,28.33
1310,28.3291
1311,28.3283
1312,28.3274
1313,28.3265
1314,28.3257
1315,28.3248
1316,28.3239
1317,28.3231
1318,28.3222
1319,28.3213
1320,28.3205
1321,28.3196
1322,28.3188
1323,28.3179
1324,28.317
1325,28.3162
1326,28.3153
1327,28.3145
1328,28.3136
1329,28.3128
1330,28.3119
1331,28.3111
1332,28.3102
1333,28.3094
1334,28.3085
1335,28.3077
1336,28.3068
1337,28.306
1338,28.3052
1339,28.3043
1340,28.3035
1341,28.3026
1342,28.3018
1343,28.301
1344,28.3001
1345,28.2993
1346,28.2985
1347,28.2976
1348,28.2968
1349,28.296
1350,28.2951
1351,28.2943
1352,28.2935
1353,28.2926
1354,28.2918
1355,28.291
1356,28.2902
1357,28.2894
1358,28.2885
1359,28.2877
1360,28.2869
1361,28.2861
1362,28.2853
1363,28.2844
1364,28.2836
1365,28.2828
1366,28.282
1367,28.2812
1368,28.2804
1369,28.2796
1370,28.2787
1371,28.2779
1372,28.2771
1373,28.2763
1374,28.2755
1375,28.2747
1376,28.2739
1377,28.2731
1378,28.2723
1379,28.2715
1380,28.2707
1381,28.2699
1382,28.2691
1383,28.2683
1384,28.2675
1385,28.2667
1386,28.2659
1387,28.2651
1388,28.2643
1389,28.2635
1390,28.2627
1391,28.2619
1392,28.2612
1393,28.2604
1394,28.2596
1395,28.2588
1396,28.258
1397,28.2572
1398,28.2564
1399,28.2557
1400,28.2549
1401,28.2541
1402,28.2533
1403,28.2525
1404,28.2518
1405,28.251
1406,28.2502
1407,28.2494
1408,28.2487
1409,28.2479
1410,28.2471
1411,28.2463
1412,28.2456
1413,28.2448
1414,28.244
1415,28.2433
1416,28.2425
1417,28.2417
1418,28.241
1419,28.2402
1420,28.2394
1421,28.2387
1422,28.2379
1423,28.2371
1424,28.2364
1425,28.2356
1426,28.2349
1427,28.2341
1428,28.2334
1429,28.2326
1430,28.2318
1431,28.2311
1432,28.2303
1433,28.2296
1434,28.2288
1435,28.2281
1436,28.2273
1437,28.2266
1438,28.2258
1439,28.2251
1440,28.2243
1441,28.2236
1442,28.2228
1443,28.2221
1444,28.2214
1445,28.2206
1446,28.2199
1447,28.2191
1448,28.2184
1449,28.2177
1450,28.2169
1451,28.2162
1452,28.2154
1453,28.2147
1454,28.214
1455,28.2132
1456,28.2125
1457,28.2118
1458,28.211
1459,28.2103
1460,28.2096
1461,28.2088
1462,28.2081
1463,28.2074
1464,28.2067
1465,28.2059
1466,28.2052
1467,28.2045
1468,28.2038
1469,28.203
1470,28.2023
1471,28.2016
1472,28.2009
1473,28.2002
1474,28.1994
1475,28.1987
1476,28.198
1477,28.1973
1478,28.1966
1479,28.1959
1480,28.1951
1481,28.1944
1482,28.1937
1483,28.193
1484,28.1923
1485,28.1916
1486,28.1909
1487,28.1902
1488,28.1895
1489,28.1888
1490,28.188
1491,28.1873
1492,28.1866
1493,28.1859
1494,28.1852
1495,28.1845
1496,28.1838
1497,28.1831
1498,28.1824
1499,28.1817
1500,28.181
1501,28.1803
1502,28.1796
1503,28.1789
1504,28.1782
1505,28.1775
1506,28.1769
1507,28.1762
1508,28.1755
1509,28.1748
1510,28.1741
1511,28.1734
1512,28.1727
1513,28.172
1514,28.1713
1515,28.1706
1516,28.17
1517,28.1693
1518,28.1686
1519,28.1679
1520,28.1672
1521,28.1665
1522,28.1659
1523,28.1652
1524,28.1645
1525,28.1638
1526,28.1631
1527,28.1624
1528,28.1618
1529,28.1611
1530,28.1604
1531,28.1597
1532,28.1591
1533,28.1584
1534,28.1577
1535,28.157
1536,28.1564
1537,28.1557
1538,28.155
1539,28.1544
1540,28.1537
1541,28.153
1542,28.1524
1543,28.1517
1544,28.151
1545,28.1504
1546,28.1497
1547,28.149
1548,28.1484
1549,28.1477
1550,28.147
1551,28.1464
1552,28.1457
1553,28.1451
1554,28.1444
1555,28.1437
1556,28.1431
1557,28.1424
1558,28.1418
1559,28.1411
1560,28.1405
1561,28.1398
1562,28.1391
1563,28.1385
1564,28.1378
1565,28.1372
1566,28.1365
1567,28.1359
1568,28.1352
1569,28.1346
1570,28.1339
1571,28.1333
1572,28.1326
1573,28.132
1574,28.1313
1575,28.1307
1576,28.1301
1577,28.1294
1578,28.1288
1579,28.1281
1580,28.1275
1581,28.1268
1582,28.1262
1583,28.1256
1584,28.1249
1585,28.1243
1586,28.1236
1587,28.123
1588,28.1224
1589,28.1217
1590,28.1211
1591,28.1205
1592,28.1198
1593,28.1192
1594,28.1186
1595,28.1179
1596,28.1173
1597,28.1167
1598,28.116
1599,28.1154
1600,28.1148
1601,28.1142
1602,28.1135
1603,28.1129
1604,28.1123
1605,28.1116
1606,28.111
1607,28.1104
1608,28.1098
1609,28.1091
1610,28.1085
1611,28.1079
1612,28.1073
1613,28.1067
1614,28.106
1615,28.1054
1616,28.1048
1617,28.1042
1618,28.1036
1619,28.1029
1620,28.1023
1621,28.1017
1622,28.1011
1623,28.1005
1624,28.0999
1625,28.0993
1626,28.0986
1627,28.098
1628,28.0974
1629,28.0968
1630,28.0962
1631,28.0956
1632,28.095
1633,28.0944
1634,28.0938
1635,28.0931
1636,28.0925
1637,28.0919
1638,28.0913
1639,28.0907
1640,28.0901
1641,28.0895
1642,28.0889
1643,28.0883
1644,28.0877
1645,28.0871
1646,28.0865
1647,28.0859
1648,28.0853
1649,28.0847
1650,28.0841
1651,28.0835
1652,28.0829
1653,28.0823
1654,28.0817
1655,28.0811
1656,28.0805
1657,28.0799
1658,28.0793
1659,28.0787
1660,28.0781
1661,28.0776
1662,28.077
1663,28.0764
1664,28.0758
1665,28.0752
1666,28.0746
1667,28.074
1668,28.0734
1669,28.0728
1670,28.0723
1671,28.0717
1672,28.0711
1673,28.0705
1674,28.0699
1675,28.0693
1676,28.0687
1677,28.0682
1678,28.0676
1679,28.067
1680,28.0664
1681,28.0658
1682,28.0652
1683,28.0647
1684,28.0641
1685,28.0635
1686,28.0629
1687,28.0624
1688,28.0618
1689,28.0612
1690,28.0606
1691,28.06
1692,28.0595
1693,28.0589
1694,28.0583
1695,28.0577
1696,28.0572
1697,28.0566
1698,28.056
1699,28.0555
1700,28.0549
1701,28.0543
1702,28.0537
1703,28.0532
1704,28.0526
1705,28.052
1706,28.0515
1707,28.0509
1708,28.0503
1709,28.0498
1710,28.0492
1711,28.0486
1712,28.0481
1713,28.0475
1714,28.047
1715,28.0464
1716,28.0458
1717,28.0453
1718,28.0447
1719,28.0441
1720,28.0436
1721,28.043
1722,28.0425
1723,28.0419
1724,28.0413
1725,28.0408
1726,28.0402
1727,28.0397
1728,28.0391
1729,28.0386
1730,28.038
1731,28.0375
1732,28.0369
1733,28.0363
1734,28.0358
1735,28.0352
1736,28.0347
1737,28.0341
1738,28.0336
1739,28.033
1740,28.0325
1741,28.0319
1742,28.0314
1743,28.0308
1744,28.0303
1745,28.0297
1746,28.0292
1747,28.0287
1748,28.0281
1749,28.0276
1750,28.027
1751,28.0265
1752,28.0259
1753,28.0254
1754,28.0248
1755,28.0243
1756,28.0238
1757,28.0232
1758,28.0227
1759,28.0221
1760,28.0216
1761,28.0211
1762,28.0205
1763,28.02
1764,28.0194
1765,28.0189
1766,28.0184
1767,28.0178
1768,28.0173
1769,28.0168
1770,28.0162
1771,28.0157
1772,28.0151
1773,28.0146
1774,28.0141
1775,28.0135
1776,28.013
1777,28.0125
1778,28.012
1779,28.0114
1780,28.0109
1781,28.0104
1782,28.0098
1783,28.0093
1784,28.0088
1785,28.0082
1786,28.0077
1787,28.0072
1788,28.0067
1789,28.0061
1790,28.0056
1791,28.0051
1792,28.0046
1793,28.004
1794,28.0035
1795,28.003
1796,28.0025
1797,28.0019
1798,28.0014
1799,28.0009
1800,28.0004
1801,27.9999
1802,27.9993
1803,27.9988
1804,27.9983
1805,27.9978
1806,27.9973
1807,27.9967
1808,27.9962
1809,27.9957
1810,27.9952
1811,27.9947
1812,27.9942
1813,27.9936
1814,27.9931
1815,27.9926
1816,27.9921
1817,27.9916
1818,27.9911
1819,27.9906
1820,27.99
1821,27.9895
1822,27.989
1823,27.9885
1824,27.988
1825,27.9875
1826,27.987
1827,27.9865
1828,27.986
1829,27.9855
1830,27.9849
1831,27.9844
1832,27.9839
1833,27.9834
1834,27.9829
1835,27.9824
1836,27.9819
1837,27.9814
1838,27.9809
1839,27.9804
1840,27.9799
1841,27.9794
1842,27.9789
1843,27.9784
1844,27.9779
1845,27.9774
1846,27.9769
1847,27.9764
1848,27.9759
1849,27.9754
1850,27.9749
1851,27.9744
1852,27.9739
1853,27.9734
1854,27.9729
1855,27.9724
1856,27.9719
1857,27.9714
1858,27.9709
1859,27.9704
1860,27.9699
1861,27.9694
1862,27.9689
1863,27.9684
1864,27.9679
1865,27.9674
1866,27.967
1867,27.9665
1868,27.966
1869,27.9655
1870,27.965
1871,27.9645
1872,27.964
1873,27.9635
1874,27.963
1875,27.9625
1876,27.9621
1877,27.9616
1878,27.9611
1879,27.9606
1880,27.9601
1881,27.9596
1882,27.9591
1883,27.9586
1884,27.9582
1885,27.9577
1886,27.9572
1887,27.9567
1888,27.9562
1889,27.9557
1890,27.9553
1891,27.9548
1892,27.9543
1893,27.9538
1894,27.9533
1895,27.9528
1896,27.9524
1897,27.9519
1898,27.9514
1899,27.9509
1900,27.9505
1901,27.95
1902,27.9495
1903,27.949
1904,27.9485
1905,27.9481
1906,27.9476
1907,27.9471
1908,27.9466
1909,27.9462
1910,27.9457
1911,27.9452
1912,27.9447
1913,27.9443
1914,27.9438
1915,27.9433
1916,27.9428
1917,27.9424
1918,27.9419
1919,27.9414
1920,27.941
1921,27.9405
1922,27.94
1923,27.9395
1924,27.9391
1925,27.9386
1926,27.9381
1927,27.9377
1928,27.9372
1929,27.9367
1930,27.9363
1931,27.9358
1932,27.9353
1933,27.9349
1934,27.9344
1935,27.9339
1936,27.9335
1937,27.933
1938,27.9325
1939,27.9321
1940,27.9316
1941,27.9312
1942,27.9307
1943,27.9302
1944,27.9298
1945,27.9293
1946,27.9288
1947,27.9284
1948,27.9279
1949,27.9275
1950,27.927
1951,27.9265
1952,27.9261
1953,27.9256
1954,27.9252
1955,27.9247
1956,27.9243
1957,27.9238
1958,27.9233
1959,27.9229
1960,27.9224
1961,27.922
1962,27.9215
1963,27.9211
1964,27.9206
1965,27.9202
1966,27.9197
1967,27.9192
1968,27.9188
1969,27.9183
1970,27.9179
1971,27.9174
1972,27.917
1973,27.9165
1974,27.9161
1975,27.9156
1976,27.9152
1977,27.9147
1978,27.9143
1979,27.9138
1980,27.9134
1981,27.9129
1982,27.9125
1983,27.912
1984,27.9116
1985,27.9111
1986,27.9107
1987,27.9102
1988,27.9098
1989,27.9094
1990,27.9089
1991,27.9085
1992,27.908
1993,27.9076
1994,27.9071
1995,27.9067
1996,27.9062
1997,27.9058
1998,27.9054
1999,27.9049
2000,27.9045
2001,27.904
2002,27.9036
2003,27.9031
2004,27.9027
2005,27.9023
2006,27.9018
2007,27.9014
2008,27.9009
2009,27.9005
2010,27.9001
2011,27.8996
2012,27.8992
2013,27.8988
2014,27.8983
2015,27.8979
2016,27.8974
2017,27.897
2018,27.8966
2019,27.8961
2020,27.8957
2021,27.8953
2022,27.8948
2023,27.8944
2024,27.894
2025,27.8935
2026,27.8931
2027,27.8927
2028,27.8922
2029,27.8918
2030,27.8914
2031,27.8909
2032,27.8905
2033,27.8901
2034,27.8896
2035,27.8892
2036,27.8888
2037,27.8884
2038,27.8879
2039,27.8875
2040,27.8871
2041,27.8866
2042,27.8862
2043,27.8858
2044,27.8854
2045,27.8849
2046,27.8845
2047,27.8841
2048,27.8836
2049,27.8832
2050,27.8828
2051,27.8824
2052,27.8819
2053,27.8815
2054,27.8811
2055,27.8807
2056,27.8802
2057,27.8798
2058,27.8794
2059,27.879
2060,27.8786
2061,27.8781
2062,27.8777
2063,27.8773
2064,27.8769
2065,27.8764
2066,27.876
2067,27.8756
2068,27.8752
2069,27.8748
2070,27.8743
2071,27.8739
2072,27.8735
2073,27.8731
2074,27.8727
2075,27.8723
2076,27.8718
2077,27.8714
2078,27.871
2079,27.8706
2080,27.8702
2081,27.8698
2082,27.8693
2083,27.8689
2084,27.8685
2085,27.8681
2086,27.8677
2087,27.8673
2088,27.8669
2089,27.8664
2090,27.866
2091,27.8656
2092,27.8652
2093,27.8648
2094,27.8644
2095,27.864
2096,27.8636
2097,27.8631
2098,27.8627
2099,27.8623
2100,27.8619
2101,27.8615
2102,27.8611
2103,27.8607
2104,27.8603
2105,27.8599
2106,27.8595
2107,27.859
2108,27.8586
2109,27.8582
2110,27.8578
2111,27.8574
2112,27.857
2113,27.8566
2114,27.8562
2115,27.8558
2116,27.8554
2117,27.855
2118,27.8546
2119,27.8542
2120,27.8538
2121,27.8534
2122,27.853
2123,27.8526
2124,27.8522
2125,27.8518
2126,27.8514
2127,27.8509
2128,27.8505
2129,27.8501
2130,27.8497
2131,27.8493
2132,27.8489
2133,27.8485
2134,27.8481
2135,27.8477
2136,27.8473
2137,27.8469
2138,27.8465
2139,27.8461
2140,27.8457
2141,27.8453
2142,27.8449
2143,27.8446
2144,27.8442
2145,27.8438
2146,27.8434
2147,27.843
2148,27.8426
2149,27.8422
2150,27.8418
2151,27.8414
2152,27.841
2153,27.8406
2154,27.8402
2155,27.8398
2156,27.8394
2157,27.839
2158,27.8386
2159,27.8382
2160,27.8378
2161,27.8374
2162,27.837
2163,27.8367
2164,27.8363
2165,27.8359
2166,27.8355
2167,27.8351
2168,27.8347
2169,27.8343
2170,27.8339
2171,27.8335
2172,27.8331
2173,27.8327
2174,27.8324
2175,27.832
2176,27.8316
2177,27.8312
2178,27.8308
2179,27.8304
2180,27.83
2181,27.8296
2182,27.8293
2183,27.8289
2184,27.8285
2185,27.8281
2186,27.8277
2187,27.8273
2188,27.8269
2189,27.8266
2190,27.8262
2191,27.8258
2192,27.8254
2193,27.825
2194,27.8246
2195,27.8242
2196,27.8239
2197,27.8235
2198,27.8231
2199,27.8227
2200,27.8223
2201,27.822
2202,27.8216
2203,27.8212
2204,27.8208
2205,27.8204
2206,27.82
2207,27.8197
2208,27.8193
2209,27.8189
2210,27.8185
2211,27.8181
2212,27.8178
2213,27.8174
2214,27.817
2215,27.8166
2216,27.8163
2217,27.8159
2218,27.8155
2219,27.8151
2220,27.8147
2221,27.8144
2222,27.814
2223,27.8136
2224,27.8132
2225,27.8129
2226,27.8125
2227,27.8121
2228,27.8117
2229,27.8114
2230,27.811
2231,27.8106
2232,27.8102
2233,27.8099
2234,27.8095
2235,27.8091
2236,27.8087
2237,27.8084
2238,27.808
2239,27.8076
2240,27.8073
2241,27.8069
2242,27.8065
2243,27.8061
2244,27.8058
2245,27.8054
2246,27.805
2247,27.8047
2248,27.8043
2249,27.8039
2250,27.8035
2251,27.8032
2252,27.8028
2253,27.8024
2254,27.8021
2255,27.8017
2256,27.8013
2257,27.801
2258,27.8006
2259,27.8002
2260,27.7999
2261,27.7995
2262,27.7991
2263,27.7988
2264,27.7984
2265,27.798
2266,27.7977
2267,27.7973
2268,27.7969
2269,27.7966
2270,27.7962
2271,27.7958
2272,27.7955
2273,27.7951
2274,27.7948
2275,27.7944
2276,27.794
2277,27.7937
2278,27.7933
2279,27.7929
2280,27.7926
2281,27.7922
2282,27.7919
2283,27.7915
2284,27.7911
2285,27.7908
2286,27.7904
2287,27.79
2288,27.7897
2289,27.7893
2290,27.789
2291,27.7886
2292,27.7882
2293,27.7879
2294,27.7875
2295,27.7872
2296,27.7868
2297,27.7865
2298,27.7861
2299,27.7857
2300,27.7854
2301,27.785
2302,27.7847
2303,27.7843
2304,27.784
2305,27.7836
2306,27.7832
2307,27.7829
2308,27.7825
2309,27.7822
2310,27.7818
2311,27.7815
2312,27.7811
2313,27.7807
2314,27.7804
2315,27.78
2316,27.7797
2317,27.7793
2318,27.779
2319,27.7786
2320,27.7783
2321,27.7779
2322,27.7776
2323,27.7772
2324,27.7769
2325,27.7765
2326,27.7762
2327,27.7758
2328,27.7755
2329,27.7751
2330,27.7748
2331,27.7744
2332,27.7741
2333,27.7737
2334,27.7734
2335,27.773
2336,27.7727
2337,27.7723
2338,27.772
2339,27.7716
2340,27.7713
2341,27.7709
2342,27.7706
2343,27.7702
2344,27.7699
2345,27.7695
2346,27.7692
2347,27.7688
2348,27.7685
2349,27.7681
2350,27.7678
2351,27.7674
2352,27.7671
2353,27.7667
2354,27.7664
2355,27.7661
2356,27.7657
2357,27.7654
2358,27.765
2359,27.7647
2360,27.7643
2361,27.764
2362,27.7636
2363,27.7633
2364,27.763
2365,27.7626
2366,27.7623
2367,27.7619
2368,27.7616
2369,27.7612
2370,27.7609
2371,27.7606
2372,27.7602
2373,27.7599
2374,27.7595
2375,27.7592
2376,27.7589
2377,27.7585
2378,27.7582
2379,27.7578
2380,27.7575
2381,27.7572
2382,27.7568
2383,27.7565
2384,27.7561
2385,27.7558
2386,27.7555
2387,27.7551
2388,27.7548
2389,27.7544
2390,27.7541
2391,27.7538
2392,27.7534
2393,27.7531
2394,27.7528
2395,27.7524
2396,27.7521
2397,27.7517
2398,27.7514
2399,27.7511
2400,27.7507
2401,27.7504
2402,27.7501
2403,27.7497
2404,27.7494
2405,27.7491
2406,27.7487
2407,27.7484
2408,27.7481
2409,27.7477
2410,27.7474
2411,27.7471
2412,27.7467
2413,27.7464
2414,27.7461
2415,27.7457
2416,27.7454
2417,27.7451
2418,27.7447
2419,27.7444
2420,27.7441
2421,27.7437
2422,27.7434
2423,27.7431
2424,27.7427
2425,27.7424
2426,27.7421
2427,27.7417
2428,27.7414
2429,27.7411
2430,27.7408
2431,27.7404
2432,27.7401
2433,27.7398
2434,27.7394
2435,27.7391
2436,27.7388
2437,27.7385
2438,27.7381
2439,27.7378
2440,27.7375
2441,27.7371
2442,27.7368
2443,27.7365
2444,27.7362
2445,27.7358
2446,27.7355
2447,27.7352
2448,27.7349
2449,27.7345
2450,27.7342
2451,27.7339
2452,27.7335
2453,27.7332
2454,27.7329
2455,27.7326
2456,27.7322
2457,27.7319
2458,27.7316
2459,27.7313
2460,27.731
2461,27.7306
2462,27.7303
2463,27.73
2464,27.7297
2465,27.7293
2466,27.729
2467,27.7287
2468,27.7284
2469,27.728
2470,27.7277
2471,27.7274
2472,27.7271
2473,27.7268
2474,27.7264
2475,27.7261
2476,27.7258
2477,27.7255
2478,27.7252
2479,27.7248
2480,27.7245
2481,27.7242
2482,27.7239
2483,27.7236
2484,27.7232
2485,27.7229
2486,27.7226
2487,27.7223
2488,27.722
2489,27.7216
2490,27.7213
2491,27.721
2492,27.7207
2493,27.7204
2494,27.72
2495,27.7197
2496,27.7194
2497,27.7191
2498,27.7188
2499,27.7185
2500,27.7181
2501,27.7178
2502,27.7175
2503,27.7172
2504,27.7169
2505,27.7166
2506,27.7163
2507,27.7159
2508,27.7156
2509,27.7153
2510,27.715
2511,27.7147
2512,27.7144
2513,27.7141
2514,27.7137
2515,27.7134
2516,27.7131
2517,27.7128
2518,27.7125
2519,27.7122
2520,27.7119
2521,27.7115
2522,27.7112
2523,27.7109
2524,27.7106
2525,27.7103
2526,27.71
2527,27.7097
2528,27.7094
2529,27.7091
2530,27.7087
2531,27.7084
2532,27.7081
2533,27.7078
2534,27.7075
2535,27.7072
2536,27.7069
2537,27.7066
2538,27.7063
2539,27.7059
2540,27.7056
2541,27.7053
2542,27.705
2543,27.7047
2544,27.7044
2545,27.7041
2546,27.7038
2547,27.7035
2548,27.7032
2549,27.7029
2550,27.7026
2551,27.7022
2552,27.7019
2553,27.7016
2554,27.7013
2555,27.701
2556,27.7007
2557,27.7004
2558,27.7001
2559,27.6998
2560,27.6995
2561,27.6992
2562,27.6989
2563,27.6986
2564,27.6983
2565,27.698
2566,27.6977
2567,27.6974
2568,27.697
2569,27.6967
2570,27.6964
2571,27.6961
2572,27.6958
2573,27.6955
2574,27.6952
2575,27.6949
2576,27.6946
2577,27.6943
2578,27.694
2579,27.6937
2580,27.6934
2581,27.6931
2582,27.6928
2583,27.6925
2584,27.6922
2585,27.6919
2586,27.6916
2587,27.6913
2588,27.691
2589,27.6907
2590,27.6904
2591,27.6901
2592,27.6898
2593,27.6895
2594,27.6892
2595,27.6889
2596,27.6886
2597,27.6883
2598,27.688
2599,27.6877
2600,27.6874
2601,27.6871
2602,27.6868
2603,27.6865
2604,27.6862
2605,27.6859
2606,27.6856
2607,27.6853
2608,27.685
2609,27.6847
2610,27.6844
2611,27.6841
2612,27.6838
2613,27.6835
2614,27.6832
2615,27.6829
2616,27.6826
2617,27.6823
2618,27.682
2619,27.6817
2620,27.6814
2621,27.6812
2622,27.6809
2623,27.6806
2624,27.6803
2625,27.68
2626,27.6797
2627,27.6794
2628,27.6791
2629,27.6788
2630,27.6785
2631,27.6782
2632,27.6779
2633,27.6776
2634,27.6773
2635,27.677
2636,27.6767
2637,27.6764
2638,27.6762
2639,27.6759
2640,27.6756
2641,27.6753
2642,27.675
2643,27.6747
2644,27.6744
2645,27.6741
2646,27.6738
2647,27.6735
2648,27.6732
2649,27.6729
2650,27.6726
2651,27.6724
2652,27.6721
2653,27.6718
2654,27.6715
2655,27.6712
2656,27.6709
2657,27.6706
2658,27.6703
2659,27.67
2660,27.6697
2661,27.6695
2662,27.6692
2663,27.6689
2664,27.6686
2665,27.6683
2666,27.668
2667,27.6677
2668,27.6674
2669,27.6671
2670,27.6669
2671,27.6666
2672,27.6663
2673,27.666
2674,27.6657
2675,27.6654
2676,27.6651
2677,27.6648
2678,27.6646
2679,27.6643
2680,27.664
2681,27.6637
2682,27.6634
2683,27.6631
2684,27.6628
2685,27.6626
2686,27.6623
2687,27.662
2688,27.6617
2689,27.6614
2690,27.6611
2691,27.6608
2692,27.6606
2693,27.6603
2694,27.66
2695,27.6597
2696,27.6594
2697,27.6591
2698,27.6589
2699,27.6586
2700,27.6583
2701,27.658
2702,27.6577
2703,27.6574
2704,27.6572
2705,27.6569
2706,27.6566
2707,27.6563
2708,27.656
2709,27.6557
2710,27.6555
2711,27.6552
2712,27.6549
2713,27.6546
2714,27.6543
2715,27.6541
2716,27.6538
2717,27.6535
2718,27.6532
2719,27.6529
2720,27.6527
2721,27.6524
2722,27.6521
2723,27.6518
2724,27.6515
2725,27.6513
2726,27.651
2727,27.6507
2728,27.6504
2729,27.6501
2730,27.6499
2731,27.6496
2732,27.6493
2733,27.649
2734,27.6487
2735,27.6485
2736,27.6482
2737,27.6479
2738,27.6476
2739,27.6474
2740,27.6471
2741,27.6468
2742,27.6465
2743,27.6462
2744,27.646
2745,27.6457
2746,27.6454
2747,27.6451
2748,27.6449
2749,27.6446
2750,27.6443
2751,27.644
2752,27.6438
2753,27.6435
2754,27.6432
2755,27.6429
2756,27.6427
2757,27.6424
2758,27.6421
2759,27.6418
2760,27.6416
2761,27.6413
2762,27.641
2763,27.6407
2764,27.6405
2765,27.6402
2766,27.6399
2767,27.6396
2768,27.6394
2769,27.6391
2770,27.6388
2771,27.6385
2772,27.6383
2773,27.638
2774,27.6377
2775,27.6374
2776,27.6372
2777,27.6369
2778,27.6366
2779,27.6364
2780,27.6361
2781,27.6358
2782,27.6355
2783,27.6353
2784,27.635
2785,27.6347
2786,27.6345
2787,27.6342
2788,27.6339
2789,27.6336
2790,27.6334
2791,27.6331
2792,27.6328
2793,27.6326
2794,27.6323
2795,27.632
2796,27.6317
2797,27.6315
2798,27.6312
2799,27.6309
2800,27.6307
2801,27.6304
2802,27.6301
2803,27.6299
2804,27.6296
2805,27.6293
2806,27.6291
2807,27.6288
2808,27.6285
2809,27.6283
2810,27.628
2811,27.6277
2812,27.6274
2813,27.6272
2814,27.6269
2815,27.6266
2816,27.6264
2817,27.6261
2818,27.6258
2819,27.6256
2820,27.6253
2821,27.625
2822,27.6248
2823,27.6245
2824,27.6242
2825,27.624
2826,27.6237
2827,27.6234
2828,27.6232
2829,27.6229
2830,27.6227
2831,27.6224
2832,27.6221
2833,27.6219
2834,27.6216
2835,27.6213
2836,27.6211
2837,27.6208
2838,27.6205
2839,27.6203
2840,27.62
2841,27.6197
2842,27.6195
2843,27.6192
2844,27.619
2845,27.6187
2846,27.6184
2847,27.6182
2848,27.6179
2849,27.6176
2850,27.6174
2851,27.6171
2852,27.6168
2853,27.6166
2854,27.6163
2855,27.6161
2856,27.6158
2857,27.6155
2858,27.6153
2859,27.615
2860,27.6148
2861,27.6145
2862,27.6142
2863,27.614
2864,27.6137
2865,27.6134
2866,27.6132
2867,27.6129
2868,27.6127
2869,27.6124
2870,27.6121
2871,27.6119
2872,27.6116
2873,27.6114
2874,27.6111
2875,27.6108
2876,27.6106
2877,27.6103
2878,27.6101
2879,27.6098
2880,27.6095
2881,27.6093
2882,27.609
2883,27.6088
2884,27.6085
2885,27.6083
2886,27.608
2887,27.6077
2888,27.6075
2889,27.6072
2890,27.607
2891,27.6067
2892,27.6064
2893,27.6062
2894,27.6059
2895,27.6057
2896,27.6054
2897,27.6052
2898,27.6049
2899,27.6047
2900,27.6044
2901,27.6041
2902,27.6039
2903,27.6036
2904,27.6034
2905,27.6031
2906,27.6029
2907,27.6026
2908,27.6023
2909,27.6021
2910,27.6018
2911,27.6016
2912,27.6013
2913,27.6011
2914,27.6008
2915,27.6006
2916,27.6003
2917,27.6001
2918,27.5998
2919,27.5995
2920,27.5993
2921,27.599
2922,27.5988
2923,27.5985
2924,27.5983
2925,27.598
2926,27.5978
2927,27.5975
2928,27.5973
2929,27.597
2930,27.5968
2931,27.5965
2932,27.5962
2933,27.596
2934,27.5957
2935,27.5955
2936,27.5952
2937,27.595
2938,27.5947
2939,27.5945
2940,27.5942
2941,27.594
2942,27.5937
2943,27.5935
2944,27.5932
2945,27.593
2946,27.5927
2947,27.5925
2948,27.5922
2949,27.592
2950,27.5917
2951,27.5915
2952,27.5912
2953,27.591
2954,27.5907
2955,27.5905
2956,27.5902
2957,27.59
2958,27.5897
2959,27.5895
2960,27.5892
2961,27.589
2962,27.5887
2963,27.5885
2964,27.5882
2965,27.588
2966,27.5877
2967,27.5875
2968,27.5872
2969,27.587
2970,27.5867
2971,27.5865
2972,27.5862
2973,27.586
2974,27.5857
2975,27.5855
2976,27.5852
2977,27.585
2978,27.5848
2979,27.5845
2980,27.5843
2981,27.584
2982,27.5838
2983,27.5835
2984,27.5833
2985,27.583
2986,27.5828
2987,27.5825
2988,27.5823
2989,27.582
2990,27.5818
2991,27.5815
2992,27.5813
2993,27.5811
2994,27.5808
2995,27.5806
2996,27.5803
2997,27.5801
2998,27.5798
2999,27.5796
3000,27.5793
3001,27.5791
3002,27.5788
3003,27.5786
3004,27.5784
3005,27.5781
3006,27.5779
3007,27.5776
3008,27.5774
3009,27.5771
3010,27.5769
3011,27.5767
3012,27.5764
3013,27.5762
3014,27.5759
3015,27.5757
3016,27.5754
3017,27.5752
3018,27.575
3019,27.5747
3020,27.5745
3021,27.5742
3022,27.574
3023,27.5737
3024,27.5735
3025,27.5733
3026,27.573
3027,27.5728
3028,27.5725
3029,27.5723
3030,27.572
3031,27.5718
3032,27.5716
3033,27.5713
3034,27.5711
3035,27.5708
3036,27.5706
3037,27.5704
3038,27.5701
3039,27.5699
3040,27.5696
3041,27.5694
3042,27.5692
3043,27.5689
3044,27.5687
3045,27.5684
3046,27.5682
3047,27.568
3048,27.5677
3049,27.5675
3050,27.5672
3051,27.567
3052,27.5668
3053,27.5665
3054,27.5663
3055,27.566
3056,27.5658
3057,27.5656
3058,27.5653
3059,27.5651
3060,27.5648
3061,27.5646
3062,27.5644
3063,27.5641
3064,27.5639
3065,27.5637
3066,27.5634
3067,27.5632
3068,27.5629
3069,27.5627
3070,27.5625
3071,27.5622
3072,27.562
3073,27.5618
3074,27.5615
3075,27.5613
3076,27.561
3077,27.5608
3078,27.5606
3079,27.5603
3080,27.5601
3081,27.5599
3082,27.5596
3083,27.5594
3084,27.5592
3085,27.5589
3086,27.5587
3087,27.5585
3088,27.5582
3089,27.558
3090,27.5577
3091,27.5575
3092,27.5573
3093,27.557
3094,27.5568
3095,27.5566
3096,27.5563
3097,27.5561
3098,27.5559
3099,27.5556
3100,27.5554
3101,27.5552
3102,27.5549
3103,27.5547
3104,27.5545
3105,27.5542
3106,27.554
3107,27.5538
3108,27.5535
3109,27.5533
3110,27.5531
3111,27.5528
3112,27.5526
3113,27.5524
3114,27.5521
3115,27.5519
3116,27.5517
3117,27.5514
3118,27.5512
3119,27.551
3120,27.5507
3121,27.5505
3122,27.5503
3123,27.55
3124,27.5498
3125,27.5496
3126,27.5493
3127,27.5491
3128,27.5489
3129,27.5487
3130,27.5484
3131,27.5482
3132,27.548
3133,27.5477
3134,27.5475
3135,27.5473
3136,27.547
3137,27.5468
3138,27.5466
3139,27.5463
3140,27.5461
3141,27.5459
3142,27.5457
3143,27.5454
3144,27.5452
3145,27.545
3146,27.5447
3147,27.5445
3148,27.5443
3149,27.544
3150,27.5438
3151,27.5436
3152,27.5434
3153,27.5431
3154,27.5429
3155,27.5427
3156,27.5424
3157,27.5422
3158,27.542
3159,27.5418
3160,27.5415
3161,27.5413
3162,27.5411
3163,27.5408
3164,27.5406
3165,27.5404
3166,27.5402
3167,27.5399
3168,27.5397
3169,27.5395
3170,27.5393
3171,27.539
3172,27.5388
3173,27.5386
3174,27.5383
3175,27.5381
3176,27.5379
3177,27.5377
3178,27.5374
3179,27.5372
3180,27.537
3181,27.5368
3182,27.5365
3183,27.5363
3184,27.5361
3185,27.5359
3186,27.5356
3187,27.5354
3188,27.5352
3189,27.535
3190,27.5347
3191,27.5345
3192,27.5343
3193,27.5341
3194,27.5338
3195,27.5336
3196,27.5334
3197,27.5332
3198,27.5329
3199,27.5327
3200,27.5325
3201,27.5323
3202,27.532
3203,27.5318
3204,27.5316
3205,27.5314
3206,27.5311
3207,27.5309
3208,27.5307
3209,27.5305
3210,27.5302
3211,27.53
3212,27.5298
3213,27.5296
3214,27.5293
3215,27.5291
3216,27.5289
3217,27.5287
3218,27.5285
3219,27.5282
3220,27.528
3221,27.5278
3222,27.5276
3223,27.5273
3224,27.5271
3225,27.5269
3226,27.5267
3227,27.5265
3228,27.5262
3229,27.526
3230,27.5258
3231,27.5256
3232,27.5253
3233,27.5251
3234,27.5249
3235,27.5247
3236,27.5245
3237,27.5242
3238,27.524
3239,27.5238
3240,27.5236
3241,27.5234
3242,27.5231
3243,27.5229
3244,27.5227
3245,27.5225
3246,27.5223
3247,27.522
3248,27.5218
3249,27.5216
3250,27.5214
3251,27.5212
3252,27.5209
3253,27.5207
3254,27.5205
3255,27.5203
3256,27.5201
3257,27.5198
3258,27.5196
3259,27.5194
3260,27.5192
3261,27.519
3262,27.5187
3263,27.5185
3264,27.5183
3265,27.5181
3266,27.5179
3267,27.5177
3268,27.5174
3269,27.5172
3270,27.517
3271,27.5168
3272,27.5166
3273,27.5163
3274,27.5161
3275,27.5159
3276,27.5157
3277,27.5155
3278,27.5153
3279,27.515
3280,27.5148
3281,27.5146
3282,27.5144
3283,27.5142
3284,27.514
3285,27.5137
3286,27.5135
3287,27.5133
3288,27.5131
3289,27.5129
3290,27.5127
3291,27.5124
3292,27.5122
3293,27.512
3294,27.5118
3295,27.5116
3296,27.5114
3297,27.5111
3298,27.5109
3299,27.5107
3300,27.5105
3301,27.5103
3302,27.5101
3303,27.5099
3304,27.5096
3305,27.5094
3306,27.5092
3307,27.509
3308,27.5088
3309,27.5086
3310,27.5084
3311,27.5081
3312,27.5079
3313,27.5077
3314,27.5075
3315,27.5073
3316,27.5071
3317,27.5069
3318,27.5066
3319,27.5064
3320,27.5062
3321,27.506
3322,27.5058
3323,27.5056
3324,27.5054
3325,27.5051
3326,27.5049
3327,27.5047
3328,27.5045
3329,27.5043
3330,27.5041
3331,27.5039
3332,27.5037
3333,27.5034
3334,27.5032
3335,27.503
3336,27.5028
3337,27.5026
3338,27.5024
3339,27.5022
3340,27.502
3341,27.5017
3342,27.5015
3343,27.5013
3344,27.5011
3345,27.5009
3346,27.5007
3347,27.5005
3348,27.5003
3349,27.5001
3350,27.4998
3351,27.4996
3352,27.4994
3353,27.4992
3354,27.499
3355,27.4988
3356,27.4986
3357,27.4984
3358,27.4982
3359,27.4979
3360,27.4977
3361,27.4975
3362,27.4973
3363,27.4971
3364,27.4969
3365,27.4967
3366,27.4965
3367,27.4963
3368,27.4961
3369,27.4958
3370,27.4956
3371,27.4954
3372,27.4952
3373,27.495
3374,27.4948
3375,27.4946
3376,27.4944
3377,27.4942
3378,27.494
3379,27.4938
3380,27.4935
3381,27.4933
3382,27.4931
3383,27.4929
3384,27.4927
3385,27.4925
3386,27.4923
3387,27.4921
3388,27.4919
3389,27.4917
3390,27.4915
3391,27.4913
3392,27.491
3393,27.4908
3394,27.4906
3395,27.4904
3396,27.4902
3397,27.49
3398,27.4898
3399,27.4896
3400,27.4894
3401,27.4892
3402,27.489
3403,27.4888
3404,27.4886
3405,27.4884
3406,27.4882
3407,27.4879
3408,27.4877
3409,27.4875
3410,27.4873
3411,27.4871
3412,27.4869
3413,27.4867
3414,27.4865
3415,27.4863
3416,27.4861
3417,27.4859
3418,27.4857
3419,27.4855
3420,27.4853
3421,27.4851
3422,27.4849
3423,27.4847
3424,27.4844
3425,27.4842
3426,27.484
3427,27.4838
3428,27.4836
3429,27.4834
3430,27.4832
3431,27.483
3432,27.4828
3433,27.4826
3434,27.4824
3435,27.4822
3436,27.482
3437,27.4818
3438,27.4816
3439,27.4814
3440,27.4812
3441,27.481
3442,27.4808
3443,27.4806
3444,27.4804
3445,27.4802
3446,27.48
3447,27.4797
3448,27.4795
3449,27.4793
3450,27.4791
3451,27.4789
3452,27.4787
3453,27.4785
3454,27.4783
3455,27.4781
3456,27.4779
3457,27.4777
3458,27.4775
3459,27.4773
3460,27.4771
3461,27.4769
3462,27.4767
3463,27.4765
3464,27.4763
3465,27.4761
3466,27.4759
3467,27.4757
3468,27.4755
3469,27.4753
3470,27.4751
3471,27.4749
3472,27.4747
3473,27.4745
3474,27.4743
3475,27.4741
3476,27.4739
3477,27.4737
3478,27.4735
3479,27.4733
3480,27.4731
3481,27.4729
3482,27.4727
3483,27.4725
3484,27.4723
3485,27.4721
3486,27.4719
3487,27.4717
3488,27.4715
3489,27.4713
3490,27.4711
3491,27.4709
3492,27.4707
3493,27.4705
3494,27.4703
3495,27.4701
3496,27.4699
3497,27.4697
3498,27.4695
3499,27.4693
3500,27.4691
3501,27.4689
3502,27.4687
3503,27.4685
3504,27.4683
3505,27.4681
3506,27.4679
3507,27.4677
3508,27.4675
3509,27.4673
3510,27.4671
3511,27.4669
3512,27.4667
3513,27.4665
3514,27.4663
3515,27.4661
3516,27.4659
3517,27.4657
3518,27.4655
3519,27.4653
3520,27.4651
3521,27.4649
3522,27.4647
3523,27.4645
3524,27.4643
3525,27.4641
3526,27.4639
3527,27.4637
3528,27.4635
3529,27.4633
3530,27.4631
3531,27.4629
3532,27.4627
3533,27.4625
3534,27.4623
3535,27.4622
3536,27.462
3537,27.4618
3538,27.4616
3539,27.4614
3540,27.4612
3541,27.461
3542,27.4608
3543,27.4606
3544,27.4604
3545,27.4602
3546,27.46
3547,27.4598
3548,27.4596
3549,27.4594
3550,27.4592
3551,27.459
3552,27.4588
3553,27.4586
3554,27.4584
3555,27.4582
3556,27.458
3557,27.4578
3558,27.4576
3559,27.4575
3560,27.4573
3561,27.4571
3562,27.4569
3563,27.4567
3564,27.4565
3565,27.4563
3566,27.4561
3567,27.4559
3568,27.4557
3569,27.4555
3570,27.4553
3571,27.4551
3572,27.4549
3573,27.4547
3574,27.4545
3575,27.4543
3576,27.4541
3577,27.454
3578,27.4538
3579,27.4536
3580,27.4534
3581,27.4532
3582,27.453
3583,27.4528
3584,27.4526
3585,27.4524
3586,27.4522
3587,27.452
3588,27.4518
3589,27.4516
3590,27.4514
3591,27.4512
3592,27.4511
3593,27.4509
3594,27.4507
3595,27.4505
3596,27.4503
3597,27.4501
3598,27.4499
3599,27.4497
3600,27.4495
3601,27.4493
3602,27.4491
3603,27.4489
3604,27.4487
3605,27.4486
3606,27.4484
3607,27.4482
3608,27.448
3609,27.4478
3610,27.4476
3611,27.4474
3612,27.4472
3613,27.447
3614,27.4468
3615,27.4466
3616,27.4464
3617,27.4463
3618,27.4461
3619,27.4459
3620,27.4457
3621,27.4455
3622,27.4453
3623,27.4451
3624,27.4449
3625,27.4447
3626,27.4445
3627,27.4444
3628,27.4442
3629,27.444
3630,27.4438
3631,27.4436
3632,27.4434
3633,27.4432
3634,27.443
3635,27.4428
3636,27.4426
3637,27.4425
3638,27.4423
3639,27.4421
3640,27.4419
3641,27.4417
3642,27.4415
3643,27.4413
3644,27.4411
3645,27.4409
3646,27.4408
3647,27.4406
3648,27.4404
3649,27.4402
3650,27.44
3651,27.4398
3652,27.4396
3653,27.4394
3654,27.4392
3655,27.4391
3656,27.4389
3657,27.4387
3658,27.4385
3659,27.4383
3660,27.4381
3661,27.4379
3662,27.4377
3663,27.4375
3664,27.4374
3665,27.4372
3666,27.437
3667,27.4368
3668,27.4366
3669,27.4364
3670,27.4362
3671,27.436
3672,27.4359
3673,27.4357
3674,27.4355
3675,27.4353
3676,27.4351
3677,27.4349
3678,27.4347
3679,27.4346
3680,27.4344
3681,27.4342
3682,27.434
3683,27.4338
3684,27.4336
3685,27.4334
3686,27.4332
3687,27.4331
3688,27.4329
3689,27.4327
3690,27.4325
3691,27.4323
3692,27.4321
3693,27.4319
3694,27.4318
3695,27.4316
3696,27.4314
3697,27.4312
3698,27.431
3699,27.4308
3700,27.4306
3701,27.4305
3702,27.4303
3703,27.4301
3704,27.4299
3705,27.4297
3706,27.4295
3707,27.4293
3708,27.4292
3709,27.429
3710,27.4288
3711,27.4286
3712,27.4284
3713,27.4282
3714,27.4281
3715,27.4279
3716,27.4277
3717,27.4275
3718,27.4273
3719,27.4271
3720,27.4269
3721,27.4268
3722,27.4266
3723,27.4264
3724,27.4262
3725,27.426
3726,27.4258
3727,27.4257
3728,27.4255
3729,27.4253
3730,27.4251
3731,27.4249
3732,27.4247
3733,27.4246
3734,27.4244
3735,27.4242
3736,27.424
3737,27.4238
3738,27.4236
3739,27.4235
3740,27.4233
3741,27.4231
3742,27.4229
3743,27.4227
3744,27.4225
3745,27.4224
3746,27.4222
3747,27.422
3748,27.4218
3749,27.4216
3750,27.4215
3751,27.4213
3752,27.4211
3753,27.4209
3754,27.4207
3755,27.4205
3756,27.4204
3757,27.4202
3758,27.42
3759,27.4198
3760,27.4196
3761,27.4194
3762,27.4193
3763,27.4191
3764,27.4189
3765,27.4187
3766,27.4185
3767,27.4184
3768,27.4182
3769,27.418
3770,27.4178
3771,27.4176
3772,27.4175
3773,27.4173
3774,27.4171
3775,27.4169
3776,27.4167
3777,27.4166
3778,27.4164
3779,27.4162
3780,27.416
3781,27.4158
3782,27.4157
3783,27.4155
3784,27.4153
3785,27.4151
3786,27.4149
3787,27.4148
3788,27.4146
3789,27.4144
3790,27.4142
3791,27.414
3792,27.4139
3793,27.4137
3794,27.4135
3795,27.4133
3796,27.4131
3797,27.413
3798,27.4128
3799,27.4126
3800,27.4124
3801,27.4122
3802,27.4121
3803,27.4119
3804,27.4117
3805,27.4115
3806,27.4113
3807,27.4112
3808,27.411
3809,27.4108
3810,27.4106
3811,27.4104
3812,27.4103
3813,27.4101
3814,27.4099
3815,27.4097
3816,27.4096
3817,27.4094
3818,27.4092
3819,27.409
3820,27.4088
3821,27.4087
3822,27.4085
3823,27.4083
3824,27.4081
3825,27.408
3826,27.4078
3827,27.4076
3828,27.4074
3829,27.4072
3830,27.4071
3831,27.4069
3832,27.4067
3833,27.4065
3834,27.4064
3835,27.4062
3836,27.406
3837,27.4058
3838,27.4057
3839,27.4055
3840,27.4053
3841,27.4051
3842,27.4049
3843,27.4048
3844,27.4046
3845,27.4044
3846,27.4042
3847,27.4041
3848,27.4039
3849,27.4037
3850,27.4035
3851,27.4034
3852,27.4032
3853,27.403
3854,27.4028
3855,27.4027
3856,27.4025
3857,27.4023
3858,27.4021
3859,27.4019
3860,27.4018
3861,27.4016
3862,27.4014
3863,27.4012
3864,27.4011
3865,27.4009
3866,27.4007
3867,27.4005
3868,27.4004
3869,27.4002
3870,27.4
3871,27.3998
3872,27.3997
3873,27.3995
3874,27.3993
3875,27.3991
3876,27.399
3877,27.3988
3878,27.3986
3879,27.3984
3880,27.3983
3881,27.3981
3882,27.3979
3883,27.3977
3884,27.3976
3885,27.3974
3886,27.3972
3887,27.3971
3888,27.3969
3889,27.3967
3890,27.3965
3891,27.3964
3892,27.3962
3893,27.396
3894,27.3958
3895,27.3957
3896,27.3955
3897,27.3953
3898,27.3951
3899,27.395
3900,27.3948
3901,27.3946
3902,27.3944
3903,27.3943
3904,27.3941
3905,27.3939
3906,27.3938
3907,27.3936
3908,27.3934
3909,27.3932
3910,27.3931
3911,27.3929
3912,27.3927
3913,27.3925
3914,27.3924
3915,27.3922
3916,27.392
3917,27.3919
3918,27.3917
3919,27.3915
3920,27.3913
3921,27.3912
3922,27.391
3923,27.3908
3924,27.3907
3925,27.3905
3926,27.3903
3927,27.3901
3928,27.39
3929,27.3898
3930,27.3896
3931,27.3894
3932,27.3893
3933,27.3891
3934,27.3889
3935,27.3888
3936,27.3886
3937,27.3884
3938,27.3882
3939,27.3881
3940,27.3879
3941,27.3877
3942,27.3876
3943,27.3874
3944,27.3872
3945,27.3871
3946,27.3869
3947,27.3867
3948,27.3865
3949,27.3864
3950,27.3862
3951,27.386
3952,27.3859
3953,27.3857
3954,27.3855
3955,27.3853
3956,27.3852
3957,27.385
3958,27.3848
3959,27.3847
3960,27.3845
3961,27.3843
3962,27.3842
3963,27.384
3964,27.3838
3965,27.3836
3966,27.3835
3967,27.3833
3968,27.3831
3969,27.383
3970,27.3828
3971,27.3826
3972,27.3825
3973,27.3823
3974,27.3821
3975,27.382
3976,27.3818
3977,27.3816
3978,27.3814
3979,27.3813
3980,27.3811
3981,27.3809
3982,27.3808
3983,27.3806
3984,27.3804
3985,27.3803
3986,27.3801
3987,27.3799
3988,27.3798
3989,27.3796
3990,27.3794
3991,27.3793
3992,27.3791
3993,27.3789
3994,27.3787
3995,27.3786
3996,27.3784
3997,27.3782
3998,27.3781
3999,27.3779
4000,27.3777
4001,27.3776
4002,27.3774
4003,27.3772
4004,27.3771
4005,27.3769
4006,27.3767
4007,27.3766
4008,27.3764
4009,27.3762
4010,27.3761
4011,27.3759
4012,27.3757
4013,27.3756
4014,27.3754
4015,27.3752
4016,27.3751
4017,27.3749
4018,27.3747
4019,27.3746
4020,27.3744
4021,27.3742
4022,27.3741
4023,27.3739
4024,27.3737
4025,27.3736
4026,27.3734
4027,27.3732
4028,27.3731
4029,27.3729
4030,27.3727
4031,27.3726
4032,27.3724
4033,27.3722
4034,27.3721
4035,27.3719
4036,27.3717
4037,27.3716
4038,27.3714
4039,27.3712
4040,27.3711
4041,27.3709
4042,27.3707
4043,27.3706
4044,27.3704
4045,27.3702
4046,27.3701
4047,27.3699
4048,27.3697
4049,27.3696
4050,27.3694
4051,27.3693
4052,27.3691
4053,27.3689
4054,27.3688
4055,27.3686
4056,27.3684
4057,27.3683
4058,27.3681
4059,27.3679
4060,27.3678
4061,27.3676
4062,27.3674
4063,27.3673
4064,27.3671
4065,27.3669
4066,27.3668
4067,27.3666
4068,27.3665
4069,27.3663
4070,27.3661
4071,27.366
4072,27.3658
4073,27.3656
4074,27.3655
4075,27.3653
4076,27.3651
4077,27.365
4078,27.3648
4079,27.3646
4080,27.3645
4081,27.3643
4082,27.3642
4083,27.364
4084,27.3638
4085,27.3637
4086,27.3635
4087,27.3633
4088,27.3632
4089,27.363
4090,27.3629
4091,27.3627
4092,27.3625
4093,27.3624
4094,27.3622
4095,27.362
4096,27.3619
4097,27.3617
4098,27.3615
4099,27.3614
4100,27.3612
4101,27.3611
4102,27.3609
4103,27.3607
4104,27.3606
4105,27.3604
4106,27.3602
4107,27.3601
4108,27.3599
4109,27.3598
4110,27.3596
4111,27.3594
4112,27.3593
4113,27.3591
4114,27.359
4115,27.3588
4116,27.3586
4117,27.3585
4118,27.3583
4119,27.3581
4120,27.358
4121,27.3578
4122,27.3577
4123,27.3575
4124,27.3573
4125,27.3572
4126,27.357
4127,27.3569
4128,27.3567
4129,27.3565
4130,27.3564
4131,27.3562
4132,27.356
4133,27.3559
4134,27.3557
4135,27.3556
4136,27.3554
4137,27.3552
4138,27.3551
4139,27.3549
4140,27.3548
4141,27.3546
4142,27.3544
4143,27.3543
4144,27.3541
4145,27.354
4146,27.3538
4147,27.3536
4148,27.3535
4149,27.3533
4150,27.3532
4151,27.353
4152,27.3528
4153,27.3527
4154,27.3525
4155,27.3524
4156,27.3522
4157,27.352
4158,27.3519
4159,27.3517
4160,27.3516
4161,27.3514
4162,27.3512
4163,27.3511
4164,27.3509
4165,27.3508
4166,27.3506
4167,27.3504
4168,27.3503
4169,27.3501
4170,27.35
4171,27.3498
4172,27.3496
4173,27.3495
4174,27.3493
4175,27.3492
4176,27.349
4177,27.3488
4178,27.3487
4179,27.3485
4180,27.3484
4181,27.3482
4182,27.3481
4183,27.3479
4184,27.3477
4185,27.3476
4186,27.3474
4187,27.3473
4188,27.3471
4189,27.3469
4190,27.3468
4191,27.3466
4192,27.3465
4193,27.3463
4194,27.3462
4195,27.346
4196,27.3458
4197,27.3457
4198,27.3455
4199,27.3454
4200,27.3452
4201,27.345
4202,27.3449
4203,27.3447
4204,27.3446
4205,27.3444
4206,27.3443
4207,27.3441
4208,27.3439
4209,27.3438
4210,27.3436
4211,27.3435
4212,27.3433
4213,27.3432
4214,27.343
4215,27.3428
4216,27.3427
4217,27.3425
4218,27.3424
4219,27.3422
4220,27.3421
4221,27.3419
4222,27.3417
4223,27.3416
4224,27.3414
4225,27.3413
4226,27.3411
4227,27.341
4228,27.3408
4229,27.3407
4230,27.3405
4231,27.3403
4232,27.3402
4233,27.34
4234,27.3399
4235,27.3397
4236,27.3396
4237,27.3394
4238,27.3392
4239,27.3391
4240,27.3389
4241,27.3388
4242,27.3386
4243,27.3385
4244,27.3383
4245,27.3382
4246,27.338
4247,27.3378
4248,27.3377
4249,27.3375
4250,27.3374
4251,27.3372
4252,27.3371
4253,27.3369
4254,27.3368
4255,27.3366
4256,27.3364
4257,27.3363
4258,27.3361
4259,27.336
4260,27.3358
4261,27.3357
4262,27.3355
4263,27.3354
4264,27.3352
4265,27.3351
4266,27.3349
4267,27.3347
4268,27.3346
4269,27.3344
4270,27.3343
4271,27.3341
4272,27.334
4273,27.3338
4274,27.3337
4275,27.3335
4276,27.3334
4277,27.3332
4278,27.333
4279,27.3329
4280,27.3327
4281,27.3326
4282,27.3324
4283,27.3323
4284,27.3321
4285,27.332
4286,27.3318
4287,27.3317
4288,27.3315
4289,27.3314
4290,27.3312
4291,27.331
4292,27.3309
4293,27.3307
4294,27.3306
4295,27.3304
4296,27.3303
4297,27.3301
4298,27.33
4299,27.3298
4300,27.3297
4301,27.3295
4302,27.3294
4303,27.3292
4304,27.3291
4305,27.3289
4306,27.3287
4307,27.3286
4308,27.3284
4309,27.3283
4310,27.3281
4311,27.328
4312,27.3278
4313,27.3277
4314,27.3275
4315,27.3274
4316,27.3272
4317,27.3271
4318,27.3269
4319,27.3268
4320,27.3266
4321,27.3265
4322,27.3263
4323,27.3262
4324,27.326
4325,27.3259
4326,27.3257
4327,27.3255
4328,27.3254
4329,27.3252
4330,27.3251
4331,27.3249
4332,27.3248
4333,27.3246
4334,27.3245
4335,27.3243
4336,27.3242
4337,27.324
4338,27.3239
4339,27.3237
4340,27.3236
4341,27.3234
4342,27.3233
4343,27.3231
4344,27.323
4345,27.3228
4346,27.3227
4347,27.3225
4348,27.3224
4349,27.3222
4350,27.3221
4351,27.3219
4352,27.3218
4353,27.3216
4354,27.3215
4355,27.3213
4356,27.3212
4357,27.321
4358,27.3209
4359,27.3207
4360,27.3206
4361,27.3204
4362,27.3203
4363,27.3201
4364,27.32
4365,27.3198
4366,27.3197
4367,27.3195
4368,27.3194
4369,27.3192
4370,27.3191
4371,27.3189
4372,27.3188
4373,27.3186
4374,27.3185
4375,27.3183
4376,27.3182
4377,27.318
4378,27.3179
4379,27.3177
4380,27.3176
4381,27.3174
4382,27.3173
4383,27.3171
4384,27.317
4385,27.3168
4386,27.3167
4387,27.3165
4388,27.3164
4389,27.3162
4390,27.3161
4391,27.3159
4392,27.3158
4393,27.3156
4394,27.3155
4395,27.3153
4396,27.3152
4397,27.315
4398,27.3149
4399,27.3147
4400,27.3146
4401,27.3144
4402,27.3143
4403,27.3141
4404,27.314
4405,27.3138
4406,27.3137
4407,27.3135
4408,27.3134
4409,27.3132
4410,27.3131
4411,27.3129
4412,27.3128
4413,27.3126
4414,27.3125
4415,27.3123
4416,27.3122
4417,27.3121
4418,27.3119
4419,27.3118
4420,27.3116
4421,27.3115
4422,27.3113
4423,27.3112
4424,27.311
4425,27.3109
4426,27.3107
4427,27.3106
4428,27.3104
4429,27.3103
4430,27.3101
4431,27.31
4432,27.3098
4433,27.3097
4434,27.3095
4435,27.3094
4436,27.3092
4437,27.3091
4438,27.309
4439,27.3088
4440,27.3087
4441,27.3085
4442,27.3084
4443,27.3082
4444,27.3081
4445,27.3079
4446,27.3078
4447,27.3076
4448,27.3075
4449,27.3073
4450,27.3072
4451,27.307
4452,27.3069
4453,27.3068
4454,27.3066
4455,27.3065
4456,27.3063
4457,27.3062
4458,27.306
4459,27.3059
4460,27.3057
4461,27.3056
4462,27.3054
4463,27.3053
4464,27.3051
4465,27.305
4466,27.3048
4467,27.3047
4468,27.3046
4469,27.3044
4470,27.3043
4471,27.3041
4472,27.304
4473,27.3038
4474,27.3037
4475,27.3035
4476,27.3034
4477,27.3032
4478,27.3031
4479,27.303
4480,27.3028
4481,27.3027
4482,27.3025
4483,27.3024
4484,27.3022
4485,27.3021
4486,27.3019
4487,27.3018
4488,27.3016
4489,27.3015
4490,27.3014
4491,27.3012
4492,27.3011
4493,27.3009
4494,27.3008
4495,27.3006
4496,27.3005
4497,27.3003
4498,27.3002
4499,27.3001
4500,27.2999
4501,27.2998
4502,27.2996
4503,27.2995
4504,27.2993
4505,27.2992
4506,27.299
4507,27.2989
4508,27.2988
4509,27.2986
4510,27.2985
4511,27.2983
4512,27.2982
4513,27.298
4514,27.2979
4515,27.2977
4516,27.2976
4517,27.2975
4518,27.2973
4519,27.2972
4520,27.297
4521,27.2969
4522,27.2967
4523,27.2966
4524,27.2965
4525,27.2963
4526,27.2962
4527,27.296
4528,27.2959
4529,27.2957
4530,27.2956
4531,27.2954
4532,27.2953
4533,27.2952